Date,AMZN,GOOGL,AAPL,LLY,MSFT,FB,BRK-B,FCX,GS,MSCI
2019-06-03,1692.689941,1038.73999,43.325001,116.769997,119.839996,164.149994,198.559998,9.92,183.190002,216.25999500000003
2019-06-04,1729.560059,1054.48999,44.91,117.559998,123.160004,167.5,201.58999599999999,10.32,189.880005,224.830002
2019-06-05,1738.5,1044.640015,45.634997999999996,117.019997,125.83000200000001,168.169998,203.300003,10.1,188.440002,234.5
2019-06-06,1754.359985,1047.76001,46.305,117.5,127.82,168.330002,204.770004,10.19,189.809998,237.580002
2019-06-07,1804.030029,1068.369995,47.537498,118.349998,131.399994,173.350006,205.809998,10.35,189.809998,240.30000299999998
2019-06-10,1860.630005,1082.76001,48.145,113.93,132.600006,174.820007,207.16000400000001,10.61,194.119995,243.99000499999997
2019-06-11,1863.699951,1081.040039,48.702498999999996,112.209999,132.100006,178.100006,206.630005,10.62,194.729996,236.350006
2019-06-12,1855.319946,1079.099976,48.547501000000004,115.239998,131.490005,175.03999299999998,204.570007,10.59,190.220001,234.850006
2019-06-13,1870.300049,1091.01001,48.537498,111.82,132.320007,177.470001,204.990005,10.83,191.449997,234.82000699999998
2019-06-14,1869.6700440000002,1086.300049,48.185001,111.739998,132.449997,181.330002,205.16000400000001,10.65,191.66000400000001,235.77999900000003
2019-06-17,1886.030029,1093.890015,48.4725,113.400002,132.850006,189.009995,203.479996,10.74,190.830002,232.58999599999999
2019-06-18,1901.369995,1105.23999,49.612499,114.650002,135.16000400000001,188.470001,206.009995,11.13,194.979996,233.58999599999999
2019-06-19,1908.790039,1104.51001,49.467499,115.230003,135.690002,187.479996,206.75,11.19,195.639999,236.649994
2019-06-20,1918.189941,1113.199951,49.865002000000004,115.559998,136.949997,189.529999,208.03999299999998,11.38,195.699997,237.440002
2019-06-21,1911.300049,1125.369995,49.695,115.489998,136.970001,191.139999,206.21000700000002,11.34,195.940002,232.399994
2019-06-24,1913.9000239999998,1116.699951,49.645,115.629997,137.779999,192.600006,206.850006,11.34,197.490005,235.00999500000003
2019-06-25,1878.27002,1087.579956,48.892502,115.360001,133.429993,188.83999599999999,208.070007,11.34,196.059998,230.75
2019-06-26,1897.8299559999998,1080.319946,49.950001,111.339996,133.929993,187.66000400000001,208.509995,11.49,197.009995,231.520004
2019-06-27,1904.280029,1076.630005,49.935001,111.470001,134.149994,189.5,212.020004,11.56,199.320007,234.100006
2019-06-28,1893.630005,1082.800049,49.48,110.790001,133.96000700000002,193.0,213.169998,11.61,204.600006,238.789993
2019-07-01,1922.189941,1100.0,50.387501,112.739998,135.679993,193.0,214.61999500000002,11.45,206.860001,240.50999500000003
2019-07-02,1934.310059,1112.599976,50.682499,114.199997,136.580002,195.0,214.539993,11.45,205.979996,244.580002
2019-07-03,1939.0,1122.98999,51.102501000000004,114.41999799999999,137.46000700000002,197.199997,215.16000400000001,11.31,206.03999299999998,245.57000699999998
2019-07-05,1942.910034,1132.670044,51.057499,112.82,137.059998,196.399994,215.25,11.29,207.899994,242.289993
2019-07-08,1952.319946,1116.790039,50.005001,111.519997,136.96000700000002,195.759995,215.13000499999998,11.22,205.75,234.69999700000002
2019-07-09,1988.300049,1124.290039,50.310001,113.08000200000001,136.46000700000002,199.21000700000002,214.75,10.87,207.770004,238.0
2019-07-10,2017.410034,1140.910034,50.807499,114.529999,137.850006,202.729996,214.02999900000003,10.95,205.970001,238.0
2019-07-11,2001.069946,1144.079956,50.4375,109.82,138.399994,201.229996,213.169998,11.1,211.350006,240.27999900000003
2019-07-12,2011.0,1145.339966,50.825001,108.290001,138.899994,204.869995,214.100006,11.02,213.940002,245.11999500000002
2019-07-15,2020.9899899999998,1150.51001,51.302502000000004,108.470001,138.899994,203.91000400000001,213.539993,11.14,211.580002,245.19999700000002
2019-07-16,2009.9000239999998,1153.459961,51.125,108.82,137.080002,203.83999599999999,212.88000499999998,11.12,215.520004,241.57000699999998
2019-07-17,1992.030029,1146.73999,50.837502,107.089996,136.270004,201.800003,207.449997,11.06,213.30000299999998,241.580002
2019-07-18,1977.9000239999998,1147.23999,51.415001000000004,108.339996,136.419998,200.779999,207.979996,11.15,214.520004,245.729996
2019-07-19,1964.52002,1131.550049,50.647498999999996,106.790001,136.619995,198.360001,205.970001,11.49,213.520004,240.979996
2019-07-22,1985.630005,1139.209961,51.805,107.269997,138.429993,202.320007,204.83999599999999,11.49,214.0,240.58999599999999
2019-07-23,1994.4899899999998,1148.050049,52.209998999999996,108.220001,139.28999299999998,202.360001,206.46000700000002,11.65,219.42999300000002,235.61000099999998
2019-07-24,2000.810059,1139.72998,52.1675,108.519997,140.720001,204.66000400000001,207.970001,11.94,222.02999900000003,232.25
2019-07-25,1973.819946,1135.939941,51.755001,107.82,140.190002,200.71000700000002,207.899994,11.42,219.979996,231.88999900000002
2019-07-26,1943.050049,1245.219971,51.935001,108.269997,141.33999599999999,199.75,209.899994,11.56,222.13999900000002,237.270004
2019-07-29,1912.449951,1241.839966,52.419998,108.720001,141.029999,195.940002,208.610001,11.61,220.32000699999998,232.36999500000002
2019-07-30,1898.530029,1228.0,52.195,108.690002,140.350006,197.03999299999998,207.809998,11.47,221.399994,227.88000499999998
2019-07-31,1866.780029,1218.199951,53.259997999999996,108.949997,136.270004,194.229996,205.429993,11.06,220.13000499999998,227.24000499999997
2019-08-01,1855.319946,1211.780029,52.107498,110.510002,138.059998,192.729996,201.71000700000002,10.7,211.600006,225.330002
2019-08-02,1823.2399899999998,1196.319946,51.005001,112.41999799999999,136.899994,189.020004,202.669998,10.3,209.369995,220.17999300000002
2019-08-05,1765.130005,1154.75,48.334998999999996,108.709999,132.21000700000002,181.729996,197.729996,10.07,201.679993,209.240005
2019-08-06,1787.8299559999998,1171.079956,49.25,111.400002,134.690002,184.509995,200.550003,10.14,206.009995,214.33999599999999
2019-08-07,1793.4000239999998,1175.910034,49.759997999999996,111.120003,135.279999,185.149994,198.21000700000002,10.08,205.740005,217.17999300000002
2019-08-08,1832.890015,1206.189941,50.857498,113.970001,138.889999,190.16000400000001,200.520004,10.12,207.0,225.47000099999997
2019-08-09,1807.5799559999998,1188.900024,50.247501,113.769997,137.71000700000002,187.850006,199.050003,9.75,206.899994,224.05000299999998
2019-08-12,1784.9200440000002,1174.5,50.119999,113.599998,135.78999299999998,185.369995,197.179993,9.52,201.520004,219.960007
2019-08-13,1824.339966,1196.72998,52.2425,115.699997,138.600006,188.449997,198.779999,9.89,204.110001,226.309998
2019-08-14,1762.959961,1164.25,50.6875,110.290001,133.979996,179.71000700000002,195.809998,9.36,195.559998,218.899994
2019-08-15,1776.119995,1169.319946,50.435001,110.230003,133.679993,182.58999599999999,198.309998,8.99,196.179993,222.16000400000001
2019-08-16,1792.569946,1179.209961,51.625,110.519997,136.130005,183.699997,199.720001,9.1,199.419998,226.229996
2019-08-19,1816.119995,1200.439941,52.587502,112.529999,138.41000400000001,186.169998,200.940002,9.25,202.199997,230.309998
2019-08-20,1801.380005,1183.530029,52.59,111.010002,137.259995,183.809998,198.149994,9.19,199.979996,231.5
2019-08-21,1823.540039,1191.579956,53.16,111.459999,138.78999299999998,183.550003,199.240005,9.14,200.679993,235.02999900000003
2019-08-22,1804.660034,1191.52002,53.115002000000004,111.610001,137.779999,182.03999299999998,201.009995,9.13,202.419998,236.0
2019-08-23,1749.619995,1153.579956,50.66,109.510002,133.389999,177.75,197.16000400000001,8.83,196.199997,233.0
2019-08-26,1768.869995,1171.180054,51.622501,111.779999,135.449997,180.360001,200.199997,8.84,199.649994,231.63999900000002
2019-08-27,1761.8299559999998,1170.819946,51.040001000000004,110.730003,135.740005,181.300003,198.350006,8.71,198.070007,231.229996
2019-08-28,1764.25,1173.75,51.3825,110.970001,135.559998,181.759995,200.449997,8.95,200.419998,231.729996
2019-08-29,1786.4000239999998,1194.23999,52.252499,112.25,138.119995,185.570007,203.199997,9.12,203.440002,235.61000099999998
2019-08-30,1776.290039,1190.530029,52.185001,112.970001,137.860001,185.669998,203.41000400000001,9.19,203.91000400000001,234.63000499999998
2019-09-03,1789.839966,1169.550049,51.424999,113.959999,136.03999299999998,182.389999,200.899994,9.07,198.970001,233.49000499999997
2019-09-04,1800.619995,1182.27002,52.297501000000004,113.25,137.630005,187.139999,202.190002,9.29,201.729996,230.19999700000002
2019-09-05,1840.719971,1212.189941,53.32,114.599998,140.050003,190.899994,204.240005,9.53,207.050003,235.42999300000002
2019-09-06,1833.5100100000002,1206.319946,53.314999,114.050003,139.100006,187.490005,204.729996,9.42,207.21000700000002,241.270004
2019-09-09,1831.3499760000002,1205.27002,53.5425,111.07,137.520004,188.759995,206.619995,9.7,211.979996,237.50999500000003
2019-09-10,1820.550049,1205.699951,54.174999,111.099998,136.080002,186.169998,208.309998,10.12,215.63000499999998,228.42999300000002
2019-09-11,1822.9899899999998,1220.0,55.897498999999996,111.690002,136.119995,188.490005,210.91000400000001,10.08,216.80000299999998,226.710007
2019-09-12,1843.550049,1234.969971,55.772498999999996,111.470001,137.520004,187.470001,211.36999500000002,10.37,218.74000499999997,232.38999900000002
2019-09-13,1839.339966,1240.030029,54.6875,110.889999,137.320007,187.190002,213.61000099999998,10.76,219.899994,229.63999900000002
2019-09-16,1807.839966,1231.630005,54.974998,110.129997,136.330002,186.220001,210.330002,10.47,217.22000099999997,230.0
2019-09-17,1822.550049,1229.880005,55.174999,111.120003,137.389999,188.080002,210.149994,10.41,215.91000400000001,240.149994
2019-09-18,1817.459961,1232.650024,55.692501,112.720001,138.520004,188.139999,210.899994,10.36,217.080002,233.75
2019-09-19,1821.5,1238.75,55.240002000000004,114.349998,141.070007,190.139999,209.220001,10.45,215.229996,235.38999900000002
2019-09-20,1794.160034,1229.839966,54.432499,116.160004,139.440002,189.929993,208.119995,10.47,213.74000499999997,225.729996
2019-09-23,1785.300049,1234.689941,54.68,114.18,139.139999,186.820007,207.96000700000002,10.33,213.460007,225.960007
2019-09-24,1741.609985,1218.329956,54.419998,113.25,137.380005,181.279999,206.399994,10.01,207.75,225.61000099999998
2019-09-25,1768.3299559999998,1245.939941,55.2575,111.389999,139.360001,182.800003,208.110001,10.07,210.02999900000003,227.059998
2019-09-26,1739.839966,1242.290039,54.9725,111.82,139.53999299999998,180.110001,206.899994,9.8,208.220001,223.55000299999998
2019-09-27,1725.449951,1225.949951,54.705002,112.370003,137.729996,177.100006,207.449997,9.65,208.970001,215.88999900000002
2019-09-30,1735.910034,1221.140015,55.9925,111.83000200000001,139.029999,178.080002,208.020004,9.57,207.229996,217.75
2019-10-01,1735.6500239999998,1206.0,56.147498999999996,110.959999,137.070007,175.809998,206.71000700000002,9.17,202.690002,216.229996
2019-10-02,1713.22998,1177.920044,54.740002000000004,107.0,134.649994,174.600006,203.100006,8.87,198.25,212.69999700000002
2019-10-03,1724.4200440000002,1189.430054,55.205002,107.290001,136.279999,179.380005,204.979996,8.86,197.240005,217.83999599999999
2019-10-04,1739.6500239999998,1210.959961,56.752499,108.199997,138.119995,180.449997,208.080002,8.83,200.800003,221.00999500000003
2019-10-07,1732.660034,1208.25,56.764998999999996,107.83000200000001,137.119995,179.679993,207.240005,8.76,200.399994,220.789993
2019-10-08,1705.5100100000002,1190.130005,56.099998,107.190002,135.669998,177.75,204.08999599999999,8.51,197.369995,214.50999500000003
2019-10-09,1721.9899899999998,1202.400024,56.7575,107.300003,138.240005,179.850006,206.690002,8.55,196.850006,219.47000099999997
2019-10-10,1720.2600100000002,1209.469971,57.522498999999996,106.91999799999999,139.100006,180.029999,206.860001,8.96,199.869995,222.649994
2019-10-11,1731.9200440000002,1215.709961,59.052502000000004,108.360001,139.679993,184.190002,208.080002,9.55,204.679993,225.330002
2019-10-14,1736.430054,1217.77002,58.967499,107.900002,139.550003,183.279999,207.91000400000001,9.5,205.820007,225.11000099999998
2019-10-15,1767.380005,1242.23999,58.830002,109.699997,141.570007,188.889999,209.380005,9.52,206.46000700000002,227.080002
2019-10-16,1777.430054,1243.0,58.592499,107.949997,140.41000400000001,189.550003,209.28999299999998,9.5,207.419998,225.979996
2019-10-17,1787.47998,1252.800049,58.82,108.459999,139.690002,190.389999,208.619995,9.44,206.46000700000002,229.02999900000003
2019-10-18,1757.5100100000002,1244.410034,59.102501000000004,108.639999,137.41000400000001,185.850006,208.759995,9.58,206.520004,224.399994
2019-10-21,1785.660034,1244.280029,60.127499,107.910004,138.429993,189.759995,211.49000499999997,9.82,209.25,226.149994
2019-10-22,1765.72998,1241.199951,59.990002000000004,109.839996,136.369995,182.33999599999999,210.61999500000002,9.93,209.600006,216.38000499999998
2019-10-23,1762.1700440000002,1257.630005,60.794998,107.400002,137.240005,186.149994,210.960007,10.13,211.32000699999998,218.330002
2019-10-24,1780.780029,1259.109985,60.895,107.839996,139.940002,186.380005,210.25999500000003,9.59,211.05000299999998,222.580002
2019-10-25,1761.3299559999998,1264.300049,61.645,110.199997,140.729996,187.889999,211.80000299999998,10.14,214.229996,222.19999700000002
2019-10-28,1777.0799559999998,1288.97998,62.262501,112.989998,144.190002,189.399994,212.86000099999998,10.24,217.75,225.02999900000003
2019-10-29,1762.709961,1260.660034,60.822497999999996,111.66999799999999,142.830002,189.309998,213.00999500000003,10.23,217.63999900000002,228.07000699999998
2019-10-30,1779.9899899999998,1260.699951,60.814999,112.720001,144.610001,188.25,213.25,10.13,215.809998,229.13999900000002
2019-10-31,1776.660034,1258.800049,62.189999,113.949997,143.369995,191.649994,212.580002,9.82,213.38000499999998,234.559998
2019-11-01,1791.439941,1272.25,63.955002,112.510002,143.720001,193.619995,215.830002,10.52,217.38999900000002,245.91000400000001
2019-11-04,1804.660034,1289.609985,64.375,113.110001,144.550003,194.720001,217.979996,10.8,219.86999500000002,245.789993
2019-11-05,1801.709961,1291.439941,64.282501,111.25,144.46000700000002,194.320007,220.88000499999998,10.91,218.63999900000002,238.47000099999997
2019-11-06,1795.77002,1291.01001,64.309998,113.82,144.059998,191.550003,222.0,10.64,218.419998,241.27999900000003
2019-11-07,1788.199951,1306.939941,64.85749799999999,112.769997,144.259995,190.419998,222.74000499999997,11.27,223.289993,246.67999300000002
2019-11-08,1785.880005,1309.0,65.035004,113.529999,145.96000700000002,190.83999599999999,221.309998,11.52,222.91000400000001,245.0
2019-11-11,1771.6500239999998,1298.280029,65.550003,112.800003,146.110001,189.610001,220.850006,11.09,219.02999900000003,245.0
2019-11-12,1778.0,1297.209961,65.489998,113.16999799999999,147.070007,194.470001,220.88999900000002,11.04,220.41000400000001,246.17999300000002
2019-11-13,1753.109985,1296.180054,66.1175,112.790001,147.309998,193.190002,219.770004,10.84,219.32000699999998,249.210007
2019-11-14,1754.5999760000002,1309.150024,65.660004,111.389999,148.059998,193.149994,219.36000099999998,10.81,219.42999300000002,250.0
2019-11-15,1739.4899899999998,1333.540039,66.440002,113.190002,149.970001,195.100006,219.74000499999997,11.16,220.25,250.0
2019-11-18,1752.530029,1319.839966,66.775002,114.07,150.33999599999999,197.399994,219.350006,11.01,219.729996,252.58999599999999
2019-11-19,1752.790039,1312.589966,66.572502,115.099998,150.389999,199.320007,219.02999900000003,11.28,220.039993,257.5
2019-11-20,1745.530029,1301.859985,65.797501,114.610001,149.619995,197.509995,217.479996,11.03,217.91000400000001,256.369995
2019-11-21,1734.709961,1300.140015,65.502502,114.75,149.479996,197.929993,216.63000499999998,11.01,218.229996,255.61999500000002
2019-11-22,1745.719971,1293.670044,65.445,116.199997,149.58999599999999,198.820007,217.960007,11.35,220.27999900000003,257.97000099999997
2019-11-25,1773.839966,1305.640015,66.592499,117.470001,151.229996,199.78999299999998,219.059998,11.66,222.75,264.01001
2019-11-26,1796.939941,1313.0,66.072502,117.089996,152.029999,198.970001,218.899994,11.71,222.44999700000002,259.769989
2019-11-27,1818.5100100000002,1312.130005,66.959999,117.440002,152.320007,202.0,220.5,11.61,222.94999700000002,258.179993
2019-11-29,1800.800049,1304.089966,66.8125,117.349998,151.380005,201.639999,220.30000299999998,11.38,221.350006,259.190002
2019-12-02,1781.5999760000002,1288.859985,66.040001,116.739998,149.550003,199.699997,220.330002,11.45,217.63999900000002,256.570007
2019-12-03,1769.959961,1294.73999,64.862503,117.610001,149.309998,198.820007,218.080002,10.92,212.24000499999997,254.350006
2019-12-04,1760.689941,1318.939941,65.434998,118.66999799999999,149.850006,198.71000700000002,218.399994,11.11,215.940002,259.02999900000003
2019-12-05,1740.47998,1326.959961,66.394997,119.769997,149.929993,199.360001,219.600006,11.33,217.13999900000002,260.420013
2019-12-06,1751.5999760000002,1339.390015,67.677498,119.639999,151.75,201.050003,222.61000099999998,11.64,224.61000099999998,266.320007
2019-12-09,1749.5100100000002,1342.98999,66.730003,120.239998,151.360001,201.33999599999999,221.38000499999998,12.1,221.809998,263.52999900000003
2019-12-10,1739.209961,1342.890015,67.120003,120.650002,151.130005,200.869995,221.25999500000003,12.28,221.88000499999998,261.5
2019-12-11,1748.719971,1344.25,67.692497,120.779999,151.699997,202.259995,222.57000699999998,12.84,221.190002,260.790009
2019-12-12,1760.3299559999998,1348.48999,67.864998,121.699997,153.240005,196.75,225.919998,13.06,226.05000299999998,259.859985
2019-12-13,1760.939941,1346.869995,68.787498,121.529999,154.529999,194.110001,225.36999500000002,12.87,225.0,260.089996
2019-12-16,1769.209961,1360.699951,69.964996,122.849998,155.529999,197.919998,226.850006,12.95,228.039993,261.190002
2019-12-17,1790.660034,1354.890015,70.102501,125.33000200000001,154.690002,198.389999,227.05000299999998,12.96,231.149994,258.48999
2019-12-18,1784.030029,1351.910034,69.934998,129.479996,154.369995,202.5,225.00999500000003,12.98,230.44999700000002,257.5
2019-12-19,1792.280029,1356.439941,70.004997,130.850006,155.71000700000002,206.059998,225.210007,13.0,229.940002,259.77999900000003
2019-12-20,1786.5,1351.219971,69.860001,132.429993,157.41000400000001,206.300003,226.309998,12.71,228.92999300000002,259.25
2019-12-23,1793.0,1350.630005,71.0,131.149994,157.41000400000001,206.179993,225.479996,12.85,229.08999599999999,258.72000099999997
2019-12-24,1789.209961,1344.430054,71.067497,131.110001,157.380005,205.119995,225.47000099999997,12.99,229.91000400000001,260.359985
2019-12-26,1868.77002,1362.469971,72.477501,131.139999,158.669998,207.78999299999998,226.44999700000002,13.17,231.210007,260.480011
2019-12-27,1869.800049,1354.640015,72.449997,131.520004,158.96000700000002,208.100006,226.13999900000002,13.03,230.66000400000001,259.98999
2019-12-30,1846.890015,1339.709961,72.879997,131.300003,157.58999599999999,204.41000400000001,225.75999500000003,13.01,229.80000299999998,256.920013
2019-12-31,1847.839966,1339.390015,73.412498,131.429993,157.699997,205.25,226.5,13.12,229.92999300000002,258.179993
2020-01-02,1898.0100100000002,1368.680054,75.087502,132.21000700000002,160.619995,209.77999900000003,228.38999900000002,13.2,234.32000699999998,266.049988
2020-01-03,1874.969971,1361.52002,74.35749799999999,131.770004,158.619995,208.669998,226.17999300000002,12.8,231.580002,260.75
2020-01-06,1902.880005,1397.810059,74.949997,132.259995,159.029999,212.600006,226.99000499999997,12.85,233.94999700000002,262.049988
2020-01-07,1906.859985,1395.109985,74.597504,132.509995,157.580002,213.059998,225.919998,13.05,235.49000499999997,262.410004
2020-01-08,1891.969971,1405.040039,75.797501,133.71000700000002,160.08999599999999,215.22000099999997,225.99000499999997,13.18,237.75999500000003,266.559998
2020-01-09,1901.050049,1419.790039,77.407501,135.919998,162.08999599999999,218.30000299999998,228.649994,12.96,242.600006,267.829987
2020-01-10,1883.160034,1428.959961,77.582497,138.0,161.33999599999999,218.059998,226.61999500000002,12.9,242.11000099999998,265.72000099999997
2020-01-13,1891.300049,1440.030029,79.239998,138.940002,163.279999,221.91000400000001,228.44999700000002,13.53,245.210007,271.98999
2020-01-14,1869.439941,1430.589966,78.16999799999999,140.649994,162.130005,219.059998,227.169998,13.21,245.66000400000001,266.670013
2020-01-15,1862.02002,1439.199951,77.834999,141.110001,163.179993,221.149994,228.350006,12.98,245.210007,269.73999
2020-01-16,1877.939941,1450.160034,78.809998,141.429993,166.169998,221.770004,229.729996,12.85,249.72000099999997,277.290009
2020-01-17,1864.719971,1479.52002,79.682503,139.580002,167.100006,222.13999900000002,230.19999700000002,12.87,249.460007,279.070007
2020-01-21,1892.0,1482.25,79.14250200000001,140.91000400000001,166.5,221.440002,228.63000499999998,12.27,245.69999700000002,278.02999900000003
2020-01-22,1887.459961,1483.869995,79.425003,141.559998,165.699997,221.32000699999998,229.539993,12.32,247.05000299999998,279.230011
2020-01-23,1884.5799559999998,1484.689941,79.807503,141.21000700000002,166.720001,219.75999500000003,229.38000499999998,11.97,245.580002,279.149994
2020-01-24,1861.640015,1466.170044,79.577499,139.070007,165.03999299999998,217.940002,226.86000099999998,11.84,241.919998,276.109985
2020-01-27,1828.339966,1431.72998,77.237503,138.309998,162.279999,214.86999500000002,222.44999700000002,10.9,238.13999900000002,273.940002
2020-01-28,1853.25,1450.5,79.422501,139.259995,165.46000700000002,217.789993,224.02999900000003,11.3,242.580002,278.170013
2020-01-29,1858.0,1456.699951,81.084999,139.919998,168.03999299999998,223.229996,224.5,11.29,240.11999500000002,282.27999900000003
2020-01-30,1870.680054,1454.25,80.967499,142.669998,172.779999,209.529999,227.88000499999998,11.32,244.13000499999998,292.769989
2020-01-31,2008.719971,1432.780029,77.377502,139.639999,170.229996,201.91000400000001,224.42999300000002,11.1,237.75,285.799988
2020-02-03,2004.199951,1482.599976,77.165001,141.0,174.380005,204.190002,223.47000099999997,11.44,239.00999500000003,292.649994
2020-02-04,2049.669922,1445.410034,79.712502,143.440002,180.119995,209.830002,225.080002,12.04,241.940002,301.149994
2020-02-05,2039.869995,1446.050049,80.362503,147.350006,179.899994,210.11000099999998,228.649994,12.41,244.30000299999998,295.179993
2020-02-06,2050.22998,1475.969971,81.302498,147.300003,183.630005,210.850006,229.61000099999998,12.32,241.82000699999998,296.899994
2020-02-07,2079.280029,1479.109985,80.0075,146.41000400000001,183.889999,212.330002,227.38000499999998,11.8,238.0,297.829987
2020-02-10,2133.909912,1508.660034,80.387497,145.509995,188.699997,213.059998,227.11000099999998,12.17,237.36000099999998,301.47000099999997
2020-02-11,2150.800049,1510.060059,79.902496,144.25,184.440002,207.190002,227.330002,12.4,236.460007,303.570007
2020-02-12,2160.0,1518.630005,81.800003,143.509995,184.71000700000002,210.75999500000003,227.440002,12.67,238.649994,308.179993
2020-02-13,2149.8701170000004,1513.390015,81.217499,141.800003,183.71000700000002,213.13999900000002,226.47000099999997,12.61,238.350006,313.399994
2020-02-14,2134.8701170000004,1518.72998,81.237503,141.119995,185.350006,214.17999300000002,226.80000299999998,12.24,237.080002,322.559998
2020-02-18,2155.669922,1519.439941,79.75,141.009995,187.229996,217.80000299999998,226.770004,12.02,233.210007,327.089996
2020-02-19,2170.219971,1524.869995,80.904999,140.830002,187.279999,217.49000499999997,229.24000499999997,12.1,237.330002,332.109985
2020-02-20,2153.100098,1516.98999,80.074997,142.0,184.419998,214.580002,228.169998,12.08,232.729996,321.709991
2020-02-21,2095.969971,1483.459961,78.262497,142.03999299999998,178.58999599999999,210.17999300000002,229.330002,11.94,230.61999500000002,309.079987
2020-02-24,2009.290039,1419.859985,74.54499799999999,138.149994,170.889999,200.720001,221.690002,11.24,224.539993,303.52999900000003
2020-02-25,1972.7399899999998,1386.319946,72.019997,135.41000400000001,168.070007,196.770004,218.05000299999998,10.73,217.61000099999998,300.309998
2020-02-26,1979.589966,1390.469971,73.162498,133.529999,170.169998,197.199997,216.059998,10.46,215.77999900000003,305.609985
2020-02-27,1884.300049,1314.949951,68.379997,129.190002,158.179993,189.75,207.669998,9.8,205.690002,297.359985
2020-02-28,1883.75,1339.25,68.339996,126.129997,162.009995,192.470001,206.33999599999999,9.96,200.770004,295.440002
2020-03-02,1953.949951,1386.319946,74.702499,132.83999599999999,172.78999299999998,196.440002,217.63000499999998,10.5,209.470001,315.52999900000003
2020-03-03,1908.9899899999998,1337.719971,72.33000200000001,130.309998,164.509995,185.889999,208.809998,10.07,203.429993,308.649994
2020-03-04,1975.8299559999998,1381.599976,75.684998,140.380005,170.550003,191.759995,217.86000099999998,10.45,208.740005,318.47000099999997
2020-03-05,1924.030029,1314.76001,73.230003,140.149994,166.270004,185.169998,208.96000700000002,9.99,198.78999299999998,300.890015
2020-03-06,1901.089966,1295.73999,72.2575,141.46000700000002,161.570007,181.08999599999999,205.979996,9.43,192.850006,285.839996
2020-03-09,1800.609985,1215.790039,66.542503,135.720001,150.619995,169.5,193.130005,8.23,172.809998,257.850006
2020-03-10,1891.819946,1275.170044,71.334999,141.190002,160.919998,178.190002,202.729996,9.0,184.350006,274.51001
2020-03-11,1820.859985,1210.900024,68.85749799999999,140.020004,153.630005,170.240005,194.639999,8.12,171.889999,262.579987
2020-03-12,1676.609985,1111.550049,62.057499,126.019997,139.059998,154.470001,175.970001,7.17,150.679993,256.690002
2020-03-13,1785.0,1214.27002,69.4925,139.369995,158.830002,170.279999,196.399994,7.53,177.169998,283.399994
2020-03-16,1689.1500239999998,1073.0,60.552502000000004,129.380005,135.419998,146.009995,177.770004,6.24,154.66000400000001,246.399994
2020-03-17,1807.839966,1118.060059,63.215,143.199997,146.570007,149.419998,187.600006,6.48,158.669998,257.600006
2020-03-18,1830.0,1091.189941,61.6675,143.08999599999999,140.399994,146.96000700000002,172.440002,5.31,140.020004,224.649994
2020-03-19,1880.930054,1111.670044,61.195,133.08999599999999,142.71000700000002,153.130005,174.679993,5.74,149.490005,237.350006
2020-03-20,1846.089966,1068.209961,57.310001,122.400002,137.350006,149.729996,170.059998,5.52,138.41000400000001,243.07000699999998
2020-03-23,1902.8299559999998,1054.130005,56.092499,119.050003,135.979996,148.100006,162.130005,5.39,134.970001,231.55000299999998
2020-03-24,1940.0999760000002,1130.01001,61.720001,122.889999,148.33999599999999,160.979996,178.199997,6.99,153.600006,273.309998
2020-03-25,1885.839966,1101.619995,61.380001,121.940002,146.919998,156.21000700000002,180.470001,7.25,155.130005,263.769989
2020-03-26,1955.4899899999998,1162.920044,64.610001,134.350006,156.110001,163.33999599999999,183.899994,6.99,165.78999299999998,291.859985
2020-03-27,1900.0999760000002,1110.26001,61.935001,134.110001,149.699997,156.78999299999998,179.66000400000001,6.2,158.33999599999999,275.73999
2020-03-30,1963.949951,1146.310059,63.702498999999996,138.440002,160.229996,165.949997,183.179993,6.24,159.619995,293.72000099999997
2020-03-31,1949.719971,1161.949951,63.572497999999996,138.720001,157.71000700000002,166.800003,182.830002,6.75,154.58999599999999,288.959991
2020-04-01,1907.699951,1102.099976,60.227501000000004,136.419998,152.110001,159.600006,175.949997,6.31,145.28999299999998,271.27999900000003
2020-04-02,1918.8299559999998,1117.030029,61.232498,142.179993,155.259995,158.190002,179.729996,6.39,149.929993,286.98999
2020-04-03,1906.589966,1092.699951,60.352501000000004,139.66000400000001,153.830002,154.179993,178.33999599999999,6.32,146.929993,270.609985
2020-04-06,1997.589966,1183.189941,65.6175,141.610001,165.270004,165.550003,185.240005,7.19,158.229996,302.48999
2020-04-07,2011.5999760000002,1182.560059,64.85749799999999,141.880005,163.490005,168.830002,185.25,7.59,166.020004,286.079987
2020-04-08,2043.0,1207.0,66.51750200000001,146.220001,165.130005,174.279999,191.009995,8.03,176.96000700000002,297.179993
2020-04-09,2042.7600100000002,1206.569946,66.997498,145.729996,165.139999,175.190002,193.83999599999999,8.19,184.259995,310.690002
2020-04-13,2168.8701170000004,1210.410034,68.3125,144.419998,165.509995,174.78999299999998,188.770004,8.3,179.179993,309.519989
2020-04-14,2283.320068,1265.22998,71.762497,151.110001,173.699997,178.169998,192.940002,8.32,178.229996,313.410004
2020-04-15,2307.679932,1257.300049,71.10749799999999,151.179993,171.880005,176.970001,188.570007,7.67,178.520004,309.619995
2020-04-16,2408.189941,1257.430054,71.672501,154.729996,177.03999299999998,176.25,187.96000700000002,7.58,177.03999299999998,309.399994
2020-04-17,2375.0,1279.0,70.699997,157.28999299999998,178.600006,179.240005,191.199997,8.34,183.490005,317.179993
2020-04-20,2393.610107,1261.150024,69.23249799999999,157.78999299999998,175.059998,178.240005,188.75,8.02,180.399994,321.950012
2020-04-21,2328.1201170000004,1212.160034,67.092499,152.669998,167.820007,170.800003,183.479996,7.41,173.809998,311.320007
2020-04-22,2363.48999,1258.410034,69.025002,156.71000700000002,173.520004,182.279999,186.580002,7.64,175.979996,320.619995
2020-04-23,2399.449951,1271.170044,68.7575,159.929993,171.419998,185.130005,185.630005,7.81,175.050003,317.440002
2020-04-24,2410.219971,1276.599976,70.7425,162.929993,174.550003,190.070007,186.520004,8.48,177.0,324.890015
2020-04-27,2376.0,1270.859985,70.792503,161.28999299999998,174.050003,187.5,187.46000700000002,8.85,183.53999299999998,331.609985
2020-04-28,2314.080078,1232.589966,69.644997,157.300003,169.809998,182.91000400000001,187.119995,8.92,187.009995,319.160004
2020-04-29,2372.709961,1342.180054,71.932503,155.16000400000001,177.429993,194.190002,189.610001,9.26,190.029999,334.700012
2020-04-30,2474.0,1346.699951,73.449997,154.639999,179.21000700000002,204.71000700000002,187.360001,8.83,183.419998,327.0
2020-05-01,2286.040039,1317.319946,72.26750200000001,153.630005,174.570007,202.270004,182.669998,8.46,177.100006,319.940002
2020-05-04,2315.98999,1322.900024,73.290001,153.279999,178.83999599999999,205.259995,177.949997,8.7,176.029999,321.459991
2020-05-05,2317.800049,1349.02002,74.389999,157.889999,180.759995,207.070007,176.029999,8.8,178.300003,337.339996
2020-05-06,2351.26001,1345.430054,75.157501,156.679993,182.53999299999998,208.470001,172.380005,8.59,176.919998,330.25
2020-05-07,2367.610107,1369.280029,75.934998,152.970001,183.600006,211.25999500000003,173.479996,8.97,182.320007,334.100006
2020-05-08,2379.610107,1384.339966,77.532501,153.509995,184.679993,212.350006,176.830002,9.21,185.389999,333.579987
2020-05-11,2409.0,1403.589966,78.752502,158.550003,186.740005,213.17999300000002,174.639999,8.98,183.16000400000001,347.25
2020-05-12,2356.949951,1375.180054,77.852501,157.720001,182.509995,210.100006,172.809998,8.67,177.21000700000002,347.119995
2020-05-13,2367.919922,1348.329956,76.912498,157.929993,179.75,205.100006,170.570007,8.4,171.800003,335.619995
2020-05-14,2388.850098,1356.859985,77.385002,158.380005,180.529999,206.809998,170.929993,8.29,174.449997,342.049988
2020-05-15,2409.780029,1373.060059,76.927498,159.229996,183.16000400000001,210.88000499999998,169.25,8.48,171.869995,341.22000099999997
2020-05-18,2426.26001,1385.180054,78.739998,157.96000700000002,184.91000400000001,213.190002,175.46000700000002,9.18,181.880005,346.75
2020-05-19,2449.330078,1374.400024,78.285004,156.699997,183.630005,216.88000499999998,172.490005,9.14,177.830002,337.52999900000003
2020-05-20,2497.939941,1409.160034,79.807503,153.130005,185.66000400000001,229.97000099999997,176.020004,9.12,181.440002,341.51001
2020-05-21,2446.73999,1406.75,79.212502,152.279999,183.429993,231.38999900000002,174.940002,8.9,180.100006,333.350006
2020-05-22,2436.8798829999996,1413.23999,79.722504,151.16000400000001,183.509995,234.91000400000001,174.929993,8.74,179.929993,337.97000099999997
2020-05-26,2421.860107,1421.369995,79.182503,147.96000700000002,181.570007,232.19999700000002,180.33999599999999,9.26,196.059998,326.170013
2020-05-27,2410.389893,1420.280029,79.527496,145.699997,181.809998,229.13999900000002,185.770004,9.29,209.66000400000001,315.170013
2020-05-28,2401.100098,1418.23999,79.5625,150.649994,181.399994,225.460007,185.100006,9.09,201.220001,322.679993
2020-05-29,2442.3701170000004,1433.52002,79.485001,152.949997,183.25,225.08999599999999,185.580002,9.07,196.490005,328.850006
2020-06-01,2471.040039,1434.869995,80.462502,152.449997,182.830002,231.91000400000001,183.83999599999999,9.34,199.929993,335.369995
2020-06-02,2472.409912,1442.310059,80.834999,153.860001,184.91000400000001,232.72000099999997,185.940002,9.75,204.139999,324.920013
2020-06-03,2478.399902,1439.25,81.279999,152.529999,185.360001,230.16000400000001,190.820007,10.14,210.57000699999998,318.579987
2020-06-04,2460.600098,1414.300049,80.58000200000001,150.71000700000002,182.919998,226.289993,192.050003,10.2,214.82000699999998,311.579987
2020-06-05,2483.0,1440.02002,82.875,149.21000700000002,187.199997,230.770004,200.66000400000001,10.86,217.919998,330.880005
2020-06-08,2524.060059,1448.040039,83.364998,149.21000700000002,188.360001,231.399994,201.559998,11.25,220.809998,331.089996
2020-06-09,2600.860107,1452.079956,85.997498,149.130005,189.800003,238.669998,196.070007,11.27,218.100006,327.160004
2020-06-10,2647.449951,1464.699951,88.209999,151.0,196.83999599999999,236.729996,191.509995,11.47,213.520004,331.269989
2020-06-11,2557.959961,1401.900024,83.974998,144.080002,186.270004,224.42999300000002,178.020004,9.91,194.130005,299.940002
2020-06-12,2545.02002,1412.920044,84.699997,143.53999299999998,187.740005,228.580002,181.21000700000002,10.49,201.779999,320.950012
2020-06-15,2572.679932,1420.73999,85.747498,141.520004,188.940002,232.5,181.550003,10.47,206.309998,322.119995
2020-06-16,2615.27002,1446.469971,88.019997,163.71000700000002,193.570007,235.649994,182.300003,10.78,209.58999599999999,322.899994
2020-06-17,2640.97998,1452.540039,87.897499,159.970001,194.240005,235.52999900000003,180.860001,10.7,206.190002,325.899994
2020-06-18,2653.97998,1434.119995,87.932503,161.070007,196.320007,235.940002,180.729996,10.56,203.83999599999999,330.070007
2020-06-19,2675.01001,1424.640015,87.43,159.940002,195.149994,238.789993,179.720001,10.5,201.630005,333.459991
2020-06-22,2713.820068,1450.660034,89.717499,160.449997,200.570007,239.22000099999997,180.169998,10.79,203.419998,337.549988
2020-06-23,2764.409912,1463.97998,91.6325,159.33999599999999,201.91000400000001,242.24000499999997,181.009995,11.08,204.779999,334.820007
2020-06-24,2734.399902,1432.699951,90.014999,157.029999,197.83999599999999,234.020004,177.529999,10.57,198.020004,328.359985
2020-06-25,2754.580078,1441.099976,91.209999,162.860001,200.33999599999999,235.67999300000002,178.850006,11.08,207.100006,342.170013
2020-06-26,2692.8701170000004,1362.540039,88.407501,162.830002,196.330002,216.080002,175.369995,10.79,189.190002,332.200012
2020-06-29,2680.3798829999996,1397.170044,90.445,162.720001,198.440002,220.63999900000002,177.190002,11.04,193.470001,325.75
2020-06-30,2758.820068,1418.050049,91.199997,164.179993,203.509995,227.07000699999998,178.509995,11.57,197.619995,333.820007
2020-07-01,2878.699951,1442.0,91.027496,163.300003,204.699997,237.55000299999998,177.990005,11.49,197.570007,340.929993
2020-07-02,2890.300049,1469.930054,91.027496,163.869995,206.259995,233.419998,178.830002,11.5,197.399994,342.130005
2020-07-06,3057.040039,1499.650024,93.462502,166.889999,210.69999700000002,240.27999900000003,182.720001,12.75,207.360001,351.209991
2020-07-07,3000.1201170000004,1489.920044,93.172501,166.75,208.25,240.86000099999998,181.149994,12.73,199.360001,352.609985
2020-07-08,3081.110107,1503.599976,95.342499,169.130005,212.830002,243.580002,181.199997,12.82,202.25,370.709991
2020-07-09,3182.6298829999996,1518.660034,95.752502,166.449997,214.32000699999998,244.5,178.800003,12.89,196.830002,375.140015
2020-07-10,3200.0,1539.01001,95.91999799999999,163.360001,213.669998,245.07000699999998,182.899994,12.97,205.559998,370.950012
2020-07-13,3104.0,1512.22998,95.477501,162.080002,207.070007,239.0,184.130005,13.02,208.880005,363.869995
2020-07-14,3084.0,1520.859985,97.057503,163.880005,208.350006,239.729996,189.71000700000002,13.5,214.00999500000003,369.079987
2020-07-15,3008.8701170000004,1516.880005,97.724998,165.449997,208.03999299999998,240.27999900000003,190.559998,13.53,216.899994,376.25
2020-07-16,2999.899902,1514.920044,96.522499,165.0,203.919998,240.92999300000002,191.009995,13.47,214.669998,370.160004
2020-07-17,2961.969971,1516.849976,96.327499,165.96000700000002,202.880005,242.02999900000003,190.759995,13.58,211.41000400000001,379.619995
2020-07-20,3196.840088,1563.839966,98.35749799999999,167.03999299999998,211.600006,245.419998,190.479996,13.43,211.710007,389.019989
2020-07-21,3138.290039,1555.920044,97.0,165.300003,208.75,241.75,192.270004,13.38,212.020004,389.049988
2020-07-22,3099.909912,1564.849976,97.272499,164.83999599999999,211.75,239.86999500000002,192.100006,13.62,206.0,390.119995
2020-07-23,2986.550049,1516.75,92.845001,161.520004,202.53999299999998,232.600006,193.25,13.32,203.020004,384.980011
2020-07-24,3008.909912,1508.209961,92.614998,159.53999299999998,201.300003,230.710007,194.520004,13.12,201.470001,385.649994
2020-07-27,3055.209961,1529.430054,94.809998,160.5,203.850006,233.5,192.139999,13.56,203.020004,394.0
2020-07-28,3000.330078,1503.650024,93.252502,162.649994,202.020004,230.11999500000002,194.119995,13.23,201.619995,376.25
2020-07-29,3033.530029,1523.51001,95.040001,161.75,204.059998,233.289993,196.41000400000001,13.3,202.580002,383.019989
2020-07-30,3051.8798829999996,1538.369995,96.190002,153.0,203.899994,234.5,194.300003,12.94,199.529999,374.540009
2020-07-31,3164.679932,1487.949951,106.260002,150.28999299999998,205.009995,253.669998,195.779999,12.92,197.96000700000002,375.980011
2020-08-03,3111.889893,1482.76001,108.9375,152.83999599999999,216.539993,251.960007,199.259995,13.1,199.389999,371.910004
2020-08-04,3138.830078,1473.300049,109.665001,154.850006,213.289993,249.830002,200.240005,12.95,201.639999,364.350006
2020-08-05,3205.030029,1479.089966,110.0625,154.33999599999999,212.940002,249.11999500000002,203.619995,13.97,204.520004,364.579987
2020-08-06,3225.0,1504.949951,113.902496,152.880005,216.350006,265.27999900000003,205.020004,14.56,204.25,372.72000099999997
2020-08-07,3167.459961,1498.369995,111.112503,152.929993,212.479996,268.440002,209.479996,13.96,208.270004,362.369995
2020-08-10,3148.159912,1496.819946,112.727501,153.0,208.25,263.0,212.580002,14.38,209.380005,354.309998
2020-08-11,3080.669922,1480.540039,109.375,150.630005,203.380005,256.130005,212.66000400000001,13.96,211.059998,350.52999900000003
2020-08-12,3162.23999,1507.23999,113.010002,152.550003,209.190002,259.890015,213.24000499999997,13.97,212.13000499999998,354.769989
2020-08-13,3161.02002,1516.650024,115.010002,150.46000700000002,208.699997,261.299988,211.979996,13.79,208.389999,359.869995
2020-08-14,3148.02002,1504.630005,114.907501,150.08999599999999,208.899994,261.23999,210.960007,13.78,207.970001,356.410004
2020-08-17,3182.409912,1516.23999,114.60749799999999,151.529999,210.27999900000003,261.160004,206.779999,14.1,203.070007,361.660004
2020-08-18,3312.48999,1555.780029,115.5625,153.110001,211.49000499999997,262.339996,208.330002,14.41,201.309998,366.200012
2020-08-19,3260.47998,1544.609985,115.707497,152.28999299999998,209.699997,262.589996,207.21000700000002,14.94,203.020004,371.399994
2020-08-20,3297.3701170000004,1576.25,118.275002,151.33999599999999,214.580002,269.01001,206.119995,14.7,201.850006,368.73999
2020-08-21,3284.719971,1575.569946,124.370003,149.259995,213.020004,267.01001,207.429993,14.36,202.429993,363.690002
2020-08-24,3307.459961,1585.150024,125.85749799999999,149.520004,213.690002,271.390015,212.61000099999998,14.56,207.33999599999999,363.98999
2020-08-25,3346.48999,1605.849976,124.824997,149.679993,216.47000099999997,280.820007,213.350006,14.46,206.0,365.52999900000003
2020-08-26,3441.850098,1644.130005,126.522499,149.259995,221.149994,303.910004,214.66000400000001,15.01,207.220001,371.600006
2020-08-27,3400.0,1628.52002,125.010002,148.970001,226.580002,293.22000099999997,216.86999500000002,14.9,210.149994,369.890015
2020-08-28,3401.8000490000004,1639.430054,124.807503,147.33999599999999,228.91000400000001,293.660004,218.55000299999998,15.65,207.71000700000002,373.679993
2020-08-31,3450.959961,1629.530029,129.03999299999998,148.389999,225.52999900000003,293.200012,218.039993,15.61,204.869995,373.269989
2020-09-01,3499.1201170000004,1655.079956,134.179993,147.300003,227.270004,295.440002,218.55000299999998,16.18,205.46000700000002,377.559998
2020-09-02,3531.4499509999996,1717.390015,131.399994,149.550003,231.649994,302.5,221.67999300000002,16.27,210.039993,378.589996
2020-09-03,3368.0,1629.51001,120.879997,149.020004,217.30000299999998,291.119995,218.149994,15.56,207.559998,360.459991
2020-09-04,3294.6201170000004,1581.209961,120.959999,150.91000400000001,214.25,282.730011,218.32000699999998,16.02,210.940002,348.179993
2020-09-08,3149.840088,1523.599976,112.82,149.309998,202.66000400000001,271.160004,217.80000299999998,15.72,202.479996,339.640015
2020-09-09,3268.610107,1547.22998,117.32,151.970001,211.289993,273.72000099999997,219.63000499999998,16.139999,202.220001,348.690002
2020-09-10,3175.110107,1526.050049,113.489998,146.220001,205.369995,268.089996,217.80000299999998,15.77,200.009995,342.52999900000003
2020-09-11,3116.219971,1515.76001,112.0,148.08999599999999,204.029999,266.609985,217.92999300000002,16.27,200.919998,339.25
2020-09-14,3102.969971,1508.829956,115.360001,149.0,205.41000400000001,266.149994,219.940002,16.360001,201.33999599999999,342.369995
2020-09-15,3156.1298829999996,1535.119995,115.540001,150.080002,208.779999,272.420013,218.940002,16.41,198.0,346.0
2020-09-16,3078.100098,1512.089966,112.129997,150.96000700000002,205.050003,263.519989,219.58999599999999,16.780001000000002,200.679993,344.47000099999997
2020-09-17,3008.72998,1487.040039,110.339996,152.470001,202.91000400000001,254.82000699999998,218.05000299999998,17.030001000000002,194.830002,340.359985
2020-09-18,2954.909912,1451.089966,106.839996,154.169998,200.389999,252.52999900000003,218.210007,17.0,194.860001,344.959991
2020-09-21,2960.469971,1430.140015,110.08000200000001,151.179993,202.53999299999998,248.149994,213.020004,15.65,194.0,351.730011
2020-09-22,3128.98999,1459.819946,111.809998,149.860001,207.419998,254.75,214.16000400000001,15.68,191.619995,351.23999
2020-09-23,2999.860107,1409.390015,107.120003,149.809998,200.58999599999999,249.020004,209.610001,14.77,186.119995,345.459991
2020-09-24,3019.790039,1422.859985,108.220001,148.809998,203.190002,249.52999900000003,208.720001,15.38,195.110001,346.119995
2020-09-25,3095.1298829999996,1439.060059,112.279999,150.259995,207.820007,254.82000699999998,210.44999700000002,15.3,194.949997,352.959991
2020-09-28,3174.050049,1458.660034,114.959999,148.100006,209.440002,256.820007,213.539993,15.9,199.070007,354.47000099999997
2020-09-29,3144.8798829999996,1466.02002,114.089996,146.259995,207.259995,261.790009,210.440002,15.32,196.78999299999998,356.02999900000003
2020-09-30,3148.72998,1465.599976,115.809998,148.020004,210.330002,261.899994,212.940002,15.64,200.970001,356.77999900000003
2020-10-01,3221.26001,1487.900024,116.790001,144.28999299999998,212.460007,266.630005,212.020004,15.55,198.550003,359.540009
2020-10-02,3125.0,1455.599976,113.019997,145.21000700000002,206.190002,259.940002,211.17999300000002,15.94,199.899994,348.160004
2020-10-05,3199.199951,1482.829956,116.5,146.630005,210.38000499999998,264.649994,212.36000099999998,16.32,201.800003,351.309998
2020-10-06,3099.959961,1451.02002,113.160004,144.130005,205.91000400000001,258.660004,210.25999500000003,15.72,201.08999599999999,347.920013
2020-10-07,3195.689941,1459.140015,115.08000200000001,148.96000700000002,209.830002,258.119995,213.289993,16.879998999999998,203.600006,342.809998
2020-10-08,3190.550049,1483.430054,114.970001,153.5,210.580002,263.76001,215.149994,16.799999,207.979996,346.399994
2020-10-09,3286.649902,1510.449951,116.970001,156.880005,215.809998,264.450012,215.67999300000002,17.23,207.53999299999998,352.329987
2020-10-12,3442.929932,1564.589966,124.400002,154.490005,221.399994,275.75,216.41000400000001,16.809998999999998,214.11999500000002,352.640015
2020-10-13,3443.6298829999996,1567.069946,121.099998,150.080002,222.86000099999998,276.140015,212.309998,16.82,210.809998,359.97000099999997
2020-10-14,3363.709961,1563.439941,121.190002,148.46000700000002,220.86000099999998,271.820007,210.91000400000001,16.940001000000002,211.229996,359.040009
2020-10-15,3338.649902,1555.469971,120.709999,146.779999,219.66000400000001,266.72000099999997,211.649994,17.209999,208.600006,361.619995
2020-10-16,3272.709961,1567.699951,119.019997,146.119995,219.66000400000001,265.929993,211.91000400000001,17.15,206.21000700000002,365.609985
2020-10-19,3207.209961,1529.949951,115.980003,142.800003,214.22000099999997,261.399994,208.990005,17.139999,205.690002,362.670013
2020-10-20,3217.01001,1551.079956,117.510002,143.58999599999999,214.649994,267.559998,210.059998,17.610001,208.029999,358.570007
2020-10-21,3184.939941,1585.98999,116.870003,141.309998,214.80000299999998,278.730011,210.17999300000002,17.719998999999998,202.91000400000001,350.01001
2020-10-22,3176.399902,1606.660034,115.75,141.649994,214.88999900000002,278.119995,211.61000099999998,18.35,205.399994,347.630005
2020-10-23,3204.399902,1632.97998,115.040001,142.380005,216.229996,284.790009,212.710007,18.360001,205.03999299999998,350.549988
2020-10-26,3207.040039,1584.290039,115.050003,141.699997,210.080002,277.109985,208.490005,17.360001,201.139999,349.559998
2020-10-27,3286.330078,1598.880005,116.599998,131.899994,213.25,283.290009,206.880005,17.719998999999998,195.679993,356.899994
2020-10-28,3162.780029,1510.800049,111.199997,131.309998,202.679993,267.670013,200.699997,16.870001000000002,189.770004,340.679993
2020-10-29,3211.01001,1556.880005,115.32,132.550003,204.720001,280.829987,201.509995,17.48,189.940002,345.48999
2020-10-30,3036.149902,1616.109985,108.860001,130.46000700000002,202.470001,263.109985,201.899994,17.34,189.03999299999998,349.839996
2020-11-02,3004.47998,1624.319946,108.769997,131.630005,202.330002,261.359985,204.309998,18.24,190.199997,356.850006
2020-11-03,3048.409912,1645.660034,110.440002,130.979996,206.429993,265.299988,206.630005,18.77,197.929993,369.47000099999997
2020-11-04,3241.159912,1745.8499760000002,114.949997,148.58999599999999,216.38999900000002,287.380005,206.169998,18.0,197.869995,398.22000099999997
2020-11-05,3322.0,1762.5,119.029999,145.520004,223.289993,294.679993,207.449997,18.82,202.96000700000002,417.730011
2020-11-06,3311.3701170000004,1759.72998,118.690002,142.740005,223.72000099999997,293.410004,208.850006,19.120001000000002,201.259995,421.14999400000005
2020-11-09,3143.73999,1761.4200440000002,116.32,142.330002,218.38999900000002,278.769989,221.5,19.790001,214.92999300000002,390.459991
2020-11-10,3035.02002,1737.719971,115.970001,146.559998,211.00999500000003,272.429993,228.479996,19.82,217.47000099999997,379.820007
2020-11-11,3137.389893,1747.22998,119.489998,144.759995,216.55000299999998,276.480011,227.36999500000002,19.530001000000002,218.05000299999998,397.019989
2020-11-12,3110.280029,1742.819946,119.209999,141.029999,215.440002,275.079987,224.72000099999997,19.52,214.50999500000003,389.480011
2020-11-13,3128.810059,1772.2600100000002,119.260002,142.380005,216.50999500000003,276.950012,227.419998,20.139999,219.080002,388.420013
2020-11-16,3131.060059,1774.030029,120.300003,140.58999599999999,217.229996,278.959991,233.100006,21.0,222.38000499999998,397.600006
2020-11-17,3135.659912,1761.660034,119.389999,141.199997,214.460007,275.0,233.16000400000001,21.030001000000002,224.649994,403.640015
2020-11-18,3105.459961,1740.640015,118.029999,140.169998,211.080002,271.97000099999997,230.07000699999998,20.709999,224.30000299999998,399.950012
2020-11-19,3117.02002,1758.569946,118.639999,143.41000400000001,212.419998,272.940002,229.52999900000003,21.110001,224.57000699999998,400.790009
2020-11-20,3099.399902,1736.380005,117.339996,145.490005,210.38999900000002,269.700012,227.00999500000003,21.25,223.350006,400.299988
2020-11-23,3098.389893,1727.560059,113.849998,143.380005,210.11000099999998,268.429993,229.539993,21.91,228.830002,401.97000099999997
2020-11-24,3118.060059,1763.9000239999998,115.16999799999999,144.899994,213.86000099999998,276.920013,233.919998,23.110001,237.5,399.640015
2020-11-25,3185.070068,1764.130005,116.029999,144.75,213.86999500000002,275.589996,233.13000499999998,23.540001,236.539993,403.950012
2020-11-27,3195.340088,1787.02002,116.589996,147.440002,215.229996,277.809998,231.55000299999998,23.52,235.399994,402.25
2020-11-30,3168.040039,1754.4000239999998,119.050003,145.649994,214.07000699999998,276.97000099999997,228.91000400000001,23.389999,230.580002,409.420013
2020-12-01,3220.080078,1795.359985,122.720001,145.559998,216.210007,286.549988,229.67999300000002,23.639999,232.080002,414.5
2020-12-02,3203.530029,1824.969971,123.08000200000001,145.16000400000001,215.36999500000002,287.519989,230.419998,24.08,237.649994,416.160004
2020-12-03,3186.72998,1821.839966,122.940002,144.110001,214.24000499999997,281.850006,231.020004,24.389999,235.47000099999997,419.299988
2020-12-04,3162.580078,1823.7600100000002,122.25,148.449997,214.36000099999998,279.700012,231.350006,25.059998999999998,239.580002,421.709991
2020-12-07,3158.0,1817.030029,123.75,147.419998,214.289993,285.579987,229.24000499999997,24.58,238.44999700000002,422.82000700000003
2020-12-08,3177.290039,1811.3299559999998,124.379997,149.300003,216.00999500000003,283.399994,228.190002,24.469998999999998,238.83999599999999,426.39999400000005
2020-12-09,3104.199951,1777.859985,121.779999,158.0,211.80000299999998,277.920013,227.50999500000003,24.459999,242.82000699999998,414.619995
2020-12-10,3101.48999,1767.6500239999998,123.239998,161.0,210.520004,277.119995,227.350006,24.860001,244.399994,422.60000599999995
2020-12-11,3116.419922,1774.800049,122.410004,160.03999299999998,213.25999500000003,273.549988,226.38999900000002,24.610001,239.99000499999997,419.47000099999997
2020-12-14,3156.969971,1752.2600100000002,121.779999,157.91000400000001,214.19999700000002,274.190002,222.850006,23.799999,237.789993,423.89999400000005
2020-12-15,3165.1201170000004,1761.0799559999998,127.879997,167.429993,214.13000499999998,275.549988,224.38000499999998,24.299999,242.42999300000002,424.0
2020-12-16,3240.959961,1757.189941,127.809998,172.050003,219.27999900000003,275.670013,221.91000400000001,24.389999,243.770004,429.839996
2020-12-17,3236.080078,1740.5100100000002,128.699997,172.630005,219.419998,274.480011,224.67999300000002,24.719998999999998,244.42999300000002,436.77999900000003
2020-12-18,3201.649902,1726.219971,126.660004,171.399994,218.58999599999999,276.399994,223.42999300000002,24.629998999999998,242.13000499999998,443.05999800000006
2020-12-21,3206.179932,1734.560059,128.229996,168.779999,222.58999599999999,272.790009,223.49000499999997,24.860001,256.980011,435.040009
2020-12-22,3206.52002,1720.219971,131.880005,166.720001,223.940002,267.089996,221.88000499999998,24.25,250.08999599999999,437.579987
2020-12-23,3185.27002,1728.22998,130.96000700000002,165.479996,221.020004,268.109985,224.24000499999997,24.860001,256.450012,428.630005
2020-12-24,3172.689941,1734.160034,131.970001,166.66000400000001,222.75,267.399994,226.52999900000003,24.790001,256.160004,432.459991
2020-12-28,3283.959961,1773.959961,136.690002,166.5,224.960007,277.0,228.41000400000001,24.629998999999998,259.589996,436.369995
2020-12-29,3322.0,1757.7600100000002,134.869995,166.580002,224.149994,276.77999900000003,229.57000699999998,24.74,258.01001,434.57000700000003
2020-12-30,3285.850098,1736.25,133.720001,167.009995,221.67999300000002,271.869995,229.649994,26.530001000000002,259.450012,436.98999000000003
2020-12-31,3256.929932,1752.640015,132.690002,168.83999599999999,222.419998,273.160004,231.86999500000002,26.02,263.709991,446.52999900000003
2021-01-04,3186.6298829999996,1726.130005,129.41000400000001,165.5,217.690002,268.940002,228.44999700000002,27.139999,265.0,437.64001500000006
2021-01-05,3218.51001,1740.050049,131.009995,166.320007,217.899994,270.97000099999997,227.47000099999997,28.370001000000002,270.929993,431.369995
2021-01-06,3138.3798829999996,1722.880005,126.599998,164.320007,212.25,263.309998,230.270004,30.16,285.549988,435.170013
2021-01-07,3162.159912,1774.339966,130.919998,165.830002,218.289993,268.73999,232.88000499999998,31.17,291.649994,443.64001500000006
2021-01-08,3182.699951,1797.8299559999998,132.050003,166.41000400000001,219.61999500000002,267.570007,234.02999900000003,31.15,290.079987,452.67999299999997
2021-01-11,3114.209961,1756.290039,128.979996,185.940002,217.49000499999997,256.839996,233.42999300000002,30.32,293.829987,451.790009
2021-01-12,3120.830078,1737.430054,128.800003,178.800003,214.92999300000002,251.08999599999999,233.02999900000003,30.99,302.209991,453.19000199999994
2021-01-13,3165.889893,1747.25,130.889999,185.5,216.33999599999999,251.63999900000002,234.50999500000003,30.559998999999998,302.940002,438.39999400000005
2021-01-14,3127.469971,1730.9200440000002,128.91000400000001,186.690002,213.020004,245.63999900000002,235.020004,31.99,307.869995,409.519989
2021-01-15,3104.25,1727.619995,127.139999,190.770004,212.649994,251.36000099999998,233.49000499999997,30.35,301.01001,415.299988
2021-01-19,3120.76001,1784.469971,127.83000200000001,198.479996,216.440002,261.100006,234.55000299999998,31.709999,294.200012,411.480011
2021-01-20,3263.3798829999996,1880.069946,132.029999,201.259995,224.33999599999999,267.480011,234.75999500000003,30.969998999999998,290.47000099999997,418.519989
2021-01-21,3306.98999,1884.1500239999998,136.869995,202.350006,224.97000099999997,272.869995,234.16000400000001,30.040001,289.369995,414.350006
2021-01-22,3292.22998,1892.560059,139.070007,206.139999,225.94999700000002,274.5,232.919998,30.49,289.390015,411.880005
2021-01-25,3294.0,1894.280029,142.919998,212.350006,229.52999900000003,278.01001,233.00999500000003,28.98,283.040009,403.48999
2021-01-26,3326.1298829999996,1907.949951,143.16000400000001,212.72000099999997,232.330002,282.049988,231.57000699999998,27.01,281.76001,404.609985
2021-01-27,3232.580078,1818.939941,142.059998,207.570007,232.899994,272.140015,227.36000099999998,25.790001,273.329987,393.339996
2021-01-28,3237.6201170000004,1853.199951,137.08999599999999,210.11999500000002,238.92999300000002,265.0,230.94999700000002,27.790001,275.019989,395.230011
2021-01-29,3206.199951,1827.359985,131.96000700000002,207.970001,231.960007,258.329987,227.86999500000002,26.91,271.170013,395.299988
2021-02-01,3342.8798829999996,1893.069946,134.139999,203.139999,239.649994,262.01001,229.32000699999998,28.23,274.730011,416.25
2021-02-02,3380.0,1919.119995,134.990005,197.559998,239.50999500000003,267.079987,232.24000499999997,28.139999,286.97000099999997,425.130005
2021-02-03,3312.530029,2058.8798829999996,133.940002,196.96000700000002,243.0,266.649994,232.67999300000002,29.200001,288.549988,416.869995
2021-02-04,3331.0,2053.6298829999996,137.389999,201.619995,242.00999500000003,266.48999,235.770004,29.799999,293.75,430.19000199999994
2021-02-05,3352.149902,2088.830078,136.759995,201.770004,242.19999700000002,268.100006,235.16000400000001,31.73,293.5,429.80999800000006
2021-02-08,3322.939941,2084.52002,136.91000400000001,205.770004,242.47000099999997,266.579987,237.419998,32.119999,300.149994,422.73001100000005
2021-02-09,3305.0,2075.389893,136.009995,201.71000700000002,243.770004,269.450012,239.91000400000001,32.02,300.459991,417.97000099999997
2021-02-10,3286.580078,2086.47998,135.389999,204.389999,242.82000699999998,271.869995,239.919998,31.24,304.27999900000003,419.660004
2021-02-11,3262.1298829999996,2088.75,135.130005,202.580002,244.49000499999997,270.390015,239.75999500000003,30.99,302.320007,426.85998499999994
2021-02-12,3277.709961,2095.030029,135.369995,207.28999299999998,244.99000499999997,270.5,242.460007,31.23,306.320007,434.76998899999995
2021-02-16,3268.949951,2110.699951,133.190002,205.759995,243.69999700000002,273.97000099999997,245.27999900000003,32.900002,311.959991,440.920013
2021-02-17,3308.639893,2118.6201170000004,130.83999599999999,206.46000700000002,244.19999700000002,273.570007,245.25,34.150002,312.73999,439.32000700000003
2021-02-18,3328.22998,2105.810059,129.71000700000002,201.119995,243.789993,269.390015,243.5,34.139998999999996,309.899994,437.549988
2021-02-19,3249.899902,2088.810059,129.869995,200.919998,240.97000099999997,261.559998,241.850006,37.490002000000004,315.619995,432.97000099999997
2021-02-22,3180.73999,2054.26001,126.0,200.679993,234.50999500000003,260.329987,244.97000099999997,38.080002,316.869995,413.600006
2021-02-23,3194.5,2060.1201170000004,125.860001,202.479996,233.270004,265.859985,245.52999900000003,37.849998,319.209991,415.149994
2021-02-24,3159.530029,2083.810059,125.349998,204.520004,234.55000299999998,264.309998,248.44999700000002,37.889998999999996,330.640015,417.230011
2021-02-25,3057.159912,2015.949951,120.989998,203.820007,228.99000499999997,254.690002,243.690002,35.68,327.76001,406.299988
2021-02-26,3092.929932,2021.910034,121.260002,204.889999,232.38000499999998,257.619995,240.50999500000003,33.91,319.480011,414.519989
2021-03-01,3146.139893,2069.659912,127.790001,206.470001,236.940002,264.910004,249.210007,34.900002,329.920013,420.02999900000003
2021-03-02,3094.530029,2064.47998,125.120003,204.139999,233.86999500000002,259.0,249.22000099999997,35.18,330.940002,418.809998
2021-03-03,3005.0,2011.410034,122.059998,202.0,227.559998,255.41000400000001,251.55000299999998,35.0,334.429993,409.72000099999997
2021-03-04,2977.570068,2033.930054,120.129997,200.53999299999998,226.729996,257.640015,245.479996,32.700001,329.290009,409.0
2021-03-05,3000.459961,2097.070068,121.41999799999999,206.919998,231.600006,264.27999900000003,253.149994,35.02,327.369995,414.72000099999997
2021-03-08,2951.949951,2007.5,116.360001,207.029999,227.38999900000002,255.309998,257.609985,34.43,334.190002,402.630005
2021-03-09,3062.850098,2040.359985,121.089996,206.110001,233.77999900000003,265.73999,259.019989,33.860001000000004,330.589996,414.519989
2021-03-10,3057.639893,2036.189941,119.980003,205.449997,232.419998,264.899994,263.98999,34.459998999999996,342.019989,409.820007
2021-03-11,3113.590088,2100.540039,121.959999,205.21000700000002,237.13000499999998,273.880005,260.910004,37.470001,342.100006,410.059998
2021-03-12,3089.48999,2050.0,121.029999,208.080002,235.75,268.399994,260.019989,37.419998,348.809998,416.52999900000003
2021-03-15,3081.679932,2054.439941,123.989998,189.16000400000001,234.809998,273.75,254.61000099999998,36.959998999999996,346.049988,419.549988
2021-03-16,3091.860107,2083.889893,125.57,190.899994,237.710007,279.27999900000003,251.5,34.990002000000004,341.709991,416.579987
2021-03-17,3135.72998,2082.219971,124.760002,186.729996,237.039993,284.01001,252.0,36.110001000000004,344.950012,413.170013
2021-03-18,3027.98999,2021.339966,120.529999,183.929993,230.72000099999997,278.619995,252.460007,35.419998,348.0,405.619995
2021-03-19,3074.959961,2026.959961,119.989998,184.28999299999998,230.350006,290.109985,250.99000499999997,34.990002000000004,344.200012,410.359985
2021-03-22,3110.8701170000004,2030.689941,123.389999,185.83999599999999,235.99000499999997,293.540009,250.36000099999998,35.009997999999996,339.329987,419.359985
2021-03-23,3137.5,2041.3299559999998,122.540001,183.679993,237.580002,290.630005,248.309998,32.200001,331.769989,420.76000999999997
2021-03-24,3087.070068,2032.530029,120.089996,180.169998,235.460007,282.140015,249.63000499999998,31.610001,328.649994,424.02999900000003
2021-03-25,3046.26001,2032.459961,120.589996,183.08999599999999,232.33999599999999,278.73999,250.75,31.110001,330.549988,412.049988
2021-03-26,3052.030029,2024.72998,121.209999,185.309998,236.479996,283.019989,256.769989,32.959998999999996,327.390015,424.869995
2021-03-29,3075.72998,2045.790039,121.389999,186.33999599999999,235.24000499999997,290.820007,258.820007,32.099998,325.730011,426.369995
2021-03-30,3055.290039,2046.469971,119.900002,185.5,231.850006,288.0,258.190002,32.68,332.01001,417.51001
2021-03-31,3094.080078,2062.52002,122.150002,186.820007,235.770004,294.52999900000003,255.47000099999997,32.93,327.0,419.27999900000003
2021-04-01,3161.0,2129.780029,123.0,185.240005,242.350006,298.660004,258.200012,33.759997999999996,327.640015,428.549988
2021-04-05,3226.72998,2218.959961,125.900002,184.889999,249.07000699999998,308.910004,262.660004,35.360001000000004,323.540009,440.60998499999994
2021-04-06,3223.820068,2209.26001,126.209999,182.800003,247.86000099999998,306.26001,263.059998,35.009997999999996,327.059998,440.10000599999995
2021-04-07,3279.389893,2239.030029,127.900002,182.320007,249.899994,313.089996,263.619995,33.98,326.549988,437.450012
2021-04-08,3299.300049,2250.429932,130.360001,182.610001,253.25,313.019989,263.51001,34.369999,331.140015,445.290009
2021-04-09,3372.1999509999996,2270.669922,133.0,184.490005,255.850006,312.459991,266.01001,34.040001000000004,330.809998,448.5
2021-04-12,3379.389893,2244.6201170000004,131.240005,181.820007,255.91000400000001,311.540009,267.929993,33.669998,331.839996,453.14001500000006
2021-04-13,3400.0,2254.429932,134.429993,182.529999,258.48999,309.76001,267.100006,33.73,327.679993,460.0
2021-04-14,3333.0,2241.909912,132.029999,183.0,255.58999599999999,302.820007,267.52999900000003,36.310001,335.350006,457.410004
2021-04-15,3379.0900880000004,2285.25,134.5,185.919998,259.5,307.820007,269.140015,37.830002,338.549988,469.64999400000005
2021-04-16,3399.4399409999996,2282.75,134.16000400000001,189.25,260.73999,306.179993,272.109985,38.139998999999996,342.309998,473.51998899999995
2021-04-19,3372.01001,2289.76001,134.83999599999999,189.639999,258.73999,302.23999,270.27999900000003,37.330002,343.089996,468.26998899999995
2021-04-20,3334.689941,2279.01001,133.110001,190.610001,258.26001,302.649994,267.890015,35.880001,331.880005,468.02999900000003
2021-04-21,3362.0200200000004,2278.350098,133.5,190.949997,260.579987,301.47000099999997,272.209991,35.900002,335.269989,470.619995
2021-04-22,3309.040039,2252.52002,131.940002,187.050003,257.170013,296.519989,269.51001,34.740002000000004,330.850006,471.75
2021-04-23,3340.8798829999996,2299.929932,134.320007,188.720001,261.149994,301.130005,271.980011,36.540001000000004,339.350006,486.5
2021-04-26,3409.0,2309.929932,134.720001,187.220001,261.549988,303.040009,270.859985,39.049999,343.519989,487.0
2021-04-27,3417.429932,2290.97998,134.389999,182.21000700000002,261.97000099999997,303.570007,273.649994,38.689999,346.630005,487.60998499999994
2021-04-28,3458.5,2359.040039,133.580002,180.550003,254.559998,307.100006,272.950012,39.349998,348.109985,484.02999900000003
2021-04-29,3471.3100590000004,2392.76001,133.479996,182.199997,252.50999500000003,329.51001,277.600006,38.400002,352.97000099999997,494.829987
2021-04-30,3467.419922,2353.5,131.46000700000002,182.770004,252.17999300000002,325.079987,274.950012,37.709998999999996,348.450012,485.76998899999995
2021-05-03,3386.48999,2343.080078,132.53999299999998,185.919998,251.86000099999998,322.579987,279.179993,38.709998999999996,350.160004,486.200012
2021-05-04,3311.8701170000004,2306.830078,127.849998,188.199997,247.789993,318.359985,280.26001,39.220001,349.839996,482.5
2021-05-05,3270.540039,2314.77002,128.100006,192.809998,246.47000099999997,315.019989,282.76001,41.540001000000004,357.619995,478.17999299999997
2021-05-06,3306.3701170000004,2337.350098,129.740005,193.889999,249.729996,320.019989,289.709991,42.07,365.97000099999997,475.910004
2021-05-07,3291.610107,2351.929932,130.21000700000002,195.419998,252.460007,319.079987,290.929993,43.970001,370.890015,482.30999800000006
2021-05-10,3190.48999,2291.75,126.849998,194.759995,247.17999300000002,305.97000099999997,292.329987,42.740002000000004,368.679993,476.89001500000006
2021-05-11,3223.909912,2270.060059,125.910004,194.75,246.229996,306.52999900000003,285.630005,44.799999,359.920013,472.670013
2021-05-12,3151.939941,2200.25,122.769997,193.199997,239.0,302.549988,282.910004,42.75,354.399994,460.17999299999997
2021-05-13,3161.469971,2229.040039,124.970001,194.940002,243.02999900000003,305.26001,286.899994,41.970001,358.809998,461.089996
2021-05-14,3222.899902,2278.3798829999996,127.449997,196.21000700000002,248.149994,315.940002,290.679993,42.290001000000004,368.769989,463.459991
2021-05-17,3270.389893,2288.919922,126.269997,195.529999,245.17999300000002,315.459991,289.22000099999997,44.18,369.25,455.77999900000003
2021-05-18,3232.280029,2262.469971,124.849998,194.630005,243.080002,309.959991,287.589996,43.630001,364.559998,454.089996
2021-05-19,3231.800049,2271.5,124.690002,196.509995,243.11999500000002,313.589996,286.22000099999997,40.720001,358.380005,447.589996
2021-05-20,3247.679932,2306.949951,127.309998,199.529999,246.479996,318.609985,286.730011,41.220001,359.77999900000003,457.23001100000005
2021-05-21,3203.080078,2294.1298829999996,125.43,199.880005,245.169998,316.230011,287.73999,40.869999,366.26001,456.880005
2021-05-24,3244.98999,2361.040039,127.099998,201.020004,250.77999900000003,324.630005,289.730011,41.57,368.290009,462.85000599999995
2021-05-25,3259.050049,2362.8701170000004,126.900002,199.220001,251.72000099999997,327.790009,287.200012,40.68,364.51001,464.60998499999994
2021-05-26,3265.159912,2380.310059,126.849998,200.990005,251.49000499999997,327.660004,287.329987,41.32,367.399994,465.10000599999995
2021-05-27,3230.110107,2362.679932,125.279999,199.199997,249.309998,332.75,289.299988,42.59,371.369995,464.369995
2021-05-28,3223.070068,2356.850098,124.610001,199.740005,249.67999300000002,328.730011,289.440002,42.720001,372.019989,468.130005
